{
  "Ansi 6 Color" : {
    "Green Component" : 0.56019961833953857,
    "Red Component" : 0.34018850326538086,
    "Blue Component" : 0.64178985357284546
  },
  "Tags" : [

  ],
  "Ansi 12 Color" : {
    "Green Component" : 0.42590731382369995,
    "Red Component" : 0.093434453010559082,
    "Blue Component" : 0.89109110832214355
  },
  "Ansi 7 Color" : {
    "Green Component" : 0.73772752285003662,
    "Red Component" : 0.72378784418106079,
    "Blue Component" : 0.72799122333526611
  },
  "Ansi 8 Color" : {
    "Green Component" : 0.53847712278366089,
    "Red Component" : 0.53400516510009766,
    "Blue Component" : 0.52966117858886719
  },
  "Bold Color" : {
    "Green Component" : 1,
    "Red Component" : 0.99575066566467285,
    "Blue Component" : 0.69725716114044189
  },
  "Ansi 9 Color" : {
    "Green Component" : 0,
    "Red Component" : 0.98592376708984375,
    "Blue Component" : 0.11970168352127075
  },
  "Guid" : "90976E47-F6CA-4775-8074-1039D8EE5CB5",
  "Ansi 5 Color" : {
    "Green Component" : 0.36032408475875854,
    "Red Component" : 0.5216478705406189,
    "Blue Component" : 0.5548633337020874
  },
  "Rows" : 25,
  "Default Bookmark" : "No",
  "Cursor Guide Color" : {
    "Red Component" : 0.65000000000000002,
    "Color Space" : "Calibrated",
    "Blue Component" : 1,
    "Alpha Component" : 0.25,
    "Green Component" : 0.91000000000000003
  },
  "Non-ASCII Anti Aliased" : true,
  "Use Bright Bold" : true,
  "Ansi 10 Color" : {
    "Green Component" : 0.44594758749008179,
    "Red Component" : 0.058273889124393463,
    "Blue Component" : 0.18262514472007751
  },
  "Ambiguous Double Width" : false,
  "Jobs to Ignore" : [
    "rlogin",
    "ssh",
    "slogin",
    "telnet"
  ],
  "Ansi 15 Color" : {
    "Green Component" : 1,
    "Red Component" : 0.99088609218597412,
    "Blue Component" : 0.72441869974136353
  },
  "Foreground Color" : {
    "Green Component" : 0.73772752285003662,
    "Red Component" : 0.72378784418106079,
    "Blue Component" : 0.72799122333526611
  },
  "Bound Hosts" : [

  ],
  "Working Directory" : "\/Users\/yandy\/Documents\/code",
  "Blinking Cursor" : false,
  "Disable Window Resizing" : true,
  "Sync Title" : false,
  "Prompt Before Closing 2" : false,
  "BM Growl" : true,
  "Command" : "",
  "Description" : "Default",
  "Mouse Reporting" : true,
  "Screen" : -1,
  "Selection Color" : {
    "Green Component" : 0.17529888451099396,
    "Red Component" : 0.16332042217254639,
    "Blue Component" : 0.19518557190895081
  },
  "Columns" : 80,
  "Idle Code" : 0,
  "Ansi 13 Color" : {
    "Green Component" : 0,
    "Red Component" : 0.98593467473983765,
    "Blue Component" : 0.40404337644577026
  },
  "Custom Command" : "No",
  "ASCII Anti Aliased" : true,
  "Non Ascii Font" : "DejaVuSansMonoPowerline 16",
  "Vertical Spacing" : 1,
  "Use Bold Font" : true,
  "Option Key Sends" : 0,
  "Selected Text Color" : {
    "Green Component" : 0.73772752285003662,
    "Red Component" : 0.72378784418106079,
    "Blue Component" : 0.72799122333526611
  },
  "Background Color" : {
    "Green Component" : 0.12050691246986389,
    "Red Component" : 0.1205105185508728,
    "Blue Component" : 0.12050896137952805
  },
  "Character Encoding" : 4,
  "Ansi 11 Color" : {
    "Green Component" : 0.44065150618553162,
    "Red Component" : 0.76750457286834717,
    "Blue Component" : 0.20107564330101013
  },
  "Use Italic Font" : true,
  "Unlimited Scrollback" : false,
  "Keyboard Map" : {
    "0xf700-0x260000" : {
      "Action" : 10,
      "Text" : "[1;6A"
    },
    "0x37-0x40000" : {
      "Action" : 11,
      "Text" : "0x1f"
    },
    "0x32-0x40000" : {
      "Action" : 11,
      "Text" : "0x00"
    },
    "0xf709-0x20000" : {
      "Action" : 10,
      "Text" : "[17;2~"
    },
    "0xf70c-0x20000" : {
      "Action" : 10,
      "Text" : "[20;2~"
    },
    "0xf729-0x20000" : {
      "Action" : 10,
      "Text" : "[1;2H"
    },
    "0xf72b-0x40000" : {
      "Action" : 10,
      "Text" : "[1;5F"
    },
    "0xf705-0x20000" : {
      "Action" : 10,
      "Text" : "[1;2Q"
    },
    "0xf703-0x260000" : {
      "Action" : 10,
      "Text" : "[1;6C"
    },
    "0xf700-0x220000" : {
      "Action" : 10,
      "Text" : "[1;2A"
    },
    "0xf701-0x280000" : {
      "Action" : 11,
      "Text" : "0x1b 0x1b 0x5b 0x42"
    },
    "0x38-0x40000" : {
      "Action" : 11,
      "Text" : "0x7f"
    },
    "0x33-0x40000" : {
      "Action" : 11,
      "Text" : "0x1b"
    },
    "0xf703-0x220000" : {
      "Action" : 10,
      "Text" : "[1;2C"
    },
    "0xf701-0x240000" : {
      "Action" : 10,
      "Text" : "[1;5B"
    },
    "0xf70d-0x20000" : {
      "Action" : 10,
      "Text" : "[21;2~"
    },
    "0xf702-0x260000" : {
      "Action" : 10,
      "Text" : "[1;6D"
    },
    "0xf729-0x40000" : {
      "Action" : 10,
      "Text" : "[1;5H"
    },
    "0xf706-0x20000" : {
      "Action" : 10,
      "Text" : "[1;2R"
    },
    "0x34-0x40000" : {
      "Action" : 11,
      "Text" : "0x1c"
    },
    "0xf700-0x280000" : {
      "Action" : 11,
      "Text" : "0x1b 0x1b 0x5b 0x41"
    },
    "0x2d-0x40000" : {
      "Action" : 11,
      "Text" : "0x1f"
    },
    "0xf70e-0x20000" : {
      "Action" : 10,
      "Text" : "[23;2~"
    },
    "0xf702-0x220000" : {
      "Action" : 10,
      "Text" : "[1;2D"
    },
    "0xf703-0x280000" : {
      "Action" : 11,
      "Text" : "0x1b 0x1b 0x5b 0x43"
    },
    "0xf700-0x240000" : {
      "Action" : 10,
      "Text" : "[1;5A"
    },
    "0xf707-0x20000" : {
      "Action" : 10,
      "Text" : "[1;2S"
    },
    "0xf70a-0x20000" : {
      "Action" : 10,
      "Text" : "[18;2~"
    },
    "0x35-0x40000" : {
      "Action" : 11,
      "Text" : "0x1d"
    },
    "0xf70f-0x20000" : {
      "Action" : 10,
      "Text" : "[24;2~"
    },
    "0xf703-0x240000" : {
      "Action" : 10,
      "Text" : "[1;5C"
    },
    "0xf701-0x260000" : {
      "Action" : 10,
      "Text" : "[1;6B"
    },
    "0xf702-0x280000" : {
      "Action" : 11,
      "Text" : "0x1b 0x1b 0x5b 0x44"
    },
    "0xf72b-0x20000" : {
      "Action" : 10,
      "Text" : "[1;2F"
    },
    "0x36-0x40000" : {
      "Action" : 11,
      "Text" : "0x1e"
    },
    "0xf708-0x20000" : {
      "Action" : 10,
      "Text" : "[15;2~"
    },
    "0xf701-0x220000" : {
      "Action" : 10,
      "Text" : "[1;2B"
    },
    "0xf70b-0x20000" : {
      "Action" : 10,
      "Text" : "[19;2~"
    },
    "0xf702-0x240000" : {
      "Action" : 10,
      "Text" : "[1;5D"
    },
    "0xf704-0x20000" : {
      "Action" : 10,
      "Text" : "[1;2P"
    }
  },
  "Window Type" : 0,
  "Background Image Location" : "",
  "Blur" : false,
  "Badge Color" : {
    "Red Component" : 1,
    "Color Space" : "Calibrated",
    "Blue Component" : 0,
    "Alpha Component" : 0.5,
    "Green Component" : 0
  },
  "Scrollback Lines" : 1000,
  "Send Code When Idle" : false,
  "Close Sessions On End" : true,
  "Terminal Type" : "xterm-256color",
  "Visual Bell" : true,
  "Flashing Bell" : false,
  "Silence Bell" : false,
  "Ansi 14 Color" : {
    "Green Component" : 0.43889713287353516,
    "Red Component" : 0.1796993762254715,
    "Blue Component" : 0.42635926604270935
  },
  "Name" : "yandy",
  "Cursor Text Color" : {
    "Green Component" : 0.089508526027202606,
    "Red Component" : 0.089511208236217499,
    "Blue Component" : 0.089510045945644379
  },
  "Shortcut" : "",
  "Cursor Color" : {
    "Green Component" : 0.24263888597488403,
    "Red Component" : 0.9727436900138855,
    "Blue Component" : 0.098565541207790375
  },
  "Ansi 0 Color" : {
    "Green Component" : 0.23855249583721161,
    "Red Component" : 0.22909823060035706,
    "Blue Component" : 0.26370203495025635
  },
  "Ansi 1 Color" : {
    "Green Component" : 0.24612078070640564,
    "Red Component" : 0.74655872583389282,
    "Blue Component" : 0.28296563029289246
  },
  "Custom Directory" : "Yes",
  "Ansi 3 Color" : {
    "Green Component" : 0.65007597208023071,
    "Red Component" : 0.77161651849746704,